accountName,isBanned
minimerk,
Voltreffer,
zynzz,
xXereXx,
ElectroSpike,
Evensomburg,
MrHer3tic,
magiCz3r0,
Arayas_BWP,
TBomber,
serg_43,
whugo,
heungheng,
wwwfowkr,
moffo47,
CereboFistulus,
Lord965,
CountWiggin,
FatalMurderer,
Jlavanda,
Bellatrix__Lestrange,
MatucW,
Snôrkkis,
JeysonAndres,
Uriel_Seraphin,
kimek,
Brossiah_,
ahmadagain,
jmaster167,
iiiMORE,
Paradoxe37,
xxlSimpsonlxx,
xcdPrzFMgh,
Runite_NL,
Ramuthra,
az1905,
Linkmello,
Lappen_xD,
Matlon,
cary86121,
loiselle1234,
nordari2,
flandie2,
Borguss13,
joagrasch,
Jro1221,
wikihow000,
Musaev,
DirtyDeedDoneDirtyCheap,
kimseu50,
Jaaraargh,
GrimGriefer2,
_Joy_,
leo1008,
Helios_32,
jobino228,
Ascency,
Sisalik,
Tuggdeez,
dentet05,
Haxis_04,
crixu9,
Falonar,
Demonforse,
Montelio_,
borgfish1,
Kvacksalvare110,
ferakz,
IerogliFs,
Sinse_,
garout,
Althraell,
POEGuy007,
drtybritches,
anton1231238,
byftherd59,
byftherd59,
popo13800,
XzeeeN,
Quintjk,
K1rja,
Bastroon,
vlad1010ss,
Hoffen,
Coxining,
mrlexo,
ykasefgszz8,
Tadas1984,
Mark9,
Cpt_Balu,
Vieva,
KingQo,
teominator7,
Memelul,
joemo_,
darkness3783,
RageHaKKe,
RageHaKKe,
Teronon_Arveit,
OPAssasinPlayer,
Lethess2,
GreeleyE,
chelseasmile77,
ned313,
Bedobird,
Banzai116,
Gawabunga30,
Verbranding,
f1sh33,
Myster1Gruizn,
wwwfowkr,
El_Bojack,
oal2eso,
parovozAndyino,
oDer_Basti,
Isdridge,
B_Tonky_Huku,
Marilinda,
Darichon,
Humpa,
Gakjaa,
McZolik,
Sori77,
VeryConfused,
Devilpimp,
Psyclub,
thanshetwerkit,
BlackGhost1412,
blackpink_jennie,
GamerForever1990,
poehefner46,
ivankiseliov,
xardyel88,
reij0,
blöpblöp,
csigacsiga,
Master_logan,
Rafferx95,
BannedForTradeMacro,
Abilol,
TaterTitMcGee,
Ёборотень,
MarcoLG92,
Struzor,
KylarStyrn,
AshesGER,
MaciekFnatic,
SonnyDeuce,
DaddyHardy,
insidemydreamss,
mortennost,
Addanck,
hellsike,
MataDinos,
꽃무린,
Lilylul,
Frizick,
Unaraneasu,
Wialeer,
simonius1993,
tupaiasuka,
DrinkWaterDaily,
Emil1235,
opallios,
alive_ae,
Wndrchld,
NightMan,
Slakxina,
MasterBK,
NikodemR,
szmm,
krobeN1337,
MikeLuthor1,
Valrek,
MamoruSempai,
Beshøp,
Ustariz,
fzNZer0,
Sindragosu,
Salpuga1336,
앗흥어흥,
Livithan,
Joshi_Willared,
Karrmer,
anhtunghtk1,
CDhoon,
Quazzn,
KIRILLKUTS,
xxreperxacexx,
ZenithOfHeaven,
raystormnimbus,
IllProgram,
Xzept239,
porse199787,
Orenite,
Skopas,
Horatiu,
trixxx88,
Surowy138,
Surowy138,
Surowy138,
didi84210,
0nlyC0SmA,
ryuwinter77,
Tazu,
Kanuman93,
Jewbacca28,
kingkano,
Blues13,
ein1337erMilch,
Mastema88,
Tohxiq,
Kroxxie,
Bollah,
Ozù,
qkrglacks94,
Qnilingus,
ghbdtnpbv,
druidwig,
Merth16,
Hell0o,
Thanq,
lenlee,
50bent,
Argrhh,
EidenSAN,
Pitiosina,
Limzz,
confessss,
RocketLeague,
Skap3g0at,
spinetap,
KUYGUDUM,
xektorise,
antonkor555,
SilentSword,
peludino,
MrKindSeth,
Do6pb1u,
RichNM,
Cap00,
xui2281337,
klowness1640,
Antimakker,
Silveryz,
opallios,
loksi1,
Bulbuldogg1,
negaigoto,
Dorak1001,
Mecckky,
SzakalPro,
666Leo999,
Mark9,
ALLLIVEMATTER,
HanGtimE,
darkyaooi,
Skorupsan,
Wegalg2p,
sMooVi,
TheSorrowza,
ToDoNooL,
eggator,
looch0523,
whathell22,
Stranger3,
AidW,
Boombashhh,
biobone,
Yolantis,
SmokeyTerror,
Kalandra12345,
Miquiztli,
HorizonSharp,
redred123,
Maemix,
KaidoAK,
Zeus90,
c0s4,
Redison_,
fussle,
LuckyDropON,
Hathôr,
Ukantos,
tincoo,
TheMenthix,
Poikolle,
archeryhuntr,
PasyaKrusa,
eVoiD,
Wonderglass,
HuHnnnd,
panzer_alhorany,
MrLisAb,
SpidahBen,
Selluvia,
Naktination,
iron883,
FiskenFisk,
Skettu,
johnnyboysilver,
SawyerPkT,
MikaAdorien,
КанШиан,
bluedreamgreen,
BotLukasz,
AREuFUF,
samppa432,
1nsant,
Amarylllis,
Defence1974,
Venator23,
GameDTRaoLuX,
darkness3783,
Rammordo,
Piccaso,
RappaKendo,
elinskiy2002,
Dolivar,
Ender71,
hoho_ha,
SanderSSen,
greyes03,
bardleyb,
Berseker41,
RZel3s,
TheHandOfAllah,
ElectroSpike,
kigura,
warriordefense08,
micbrrravo,
AckeMclovin,
Furette,
Grahpa,
RedDevil3232,
kodokushi_jl,
LuikVasconcelos,
ds실글,
Mark9,
OfficierKraby,
FitzGX,
Sneiper83,
Babbel150,
AltArts,
eahix,
RAWisMETAL,
JohnCooperWorks,
JohnCooperWorks,
CyberPirate46,
TiagoFraga48,
ShadowLords69,
djewilz,
dudutmz,
nizhulya15poe,
Cxxxy,
Kirigaya1337,
Ryousuki,
RaidenGK,
petoka5552,
Ducktamer,
KateWissen,
Kiminino,
bestmfwithOE,
SuspectDevice87,
Gauta,
Churiell,
banaani9,
alfroken,
nevercallmebaby,
Frankwhizza,
Mebgasm,
PwnsNakedd,
cozyavka,
i2d212,
Jquid7,
DalvMosl,
jekepwnz,
Netricc,
JiminyACricket,
bozobear,
kalim8,
Noxerlito,
Buttiayy,
EfraxCz,
Falser1,
Такаши,
junkers76,
philzon91,
Jinkoz,
_Alan_Wake_,
PowerPalle,
deadman2522,
OPAssasinPlayer,
mxnsterfxck,
Rabbe_,
sasha132100,
Siggall,
argent0011,
Datarobert,
DefuseHostage,
Grilop,
MrSteinmann,
KiritoKung,
popa_lypa,
Cherveya,
MarcynkaLT,
Fasad1,
mkaizer,
klowness1640,
Spukie,
DivinuXx,
Micke9111,
haophong,
Lexterk,
POEkarsa,
j9w2j0,
j9w2j0,
rwoodley94,
AstralVoice,
Ke11erina,
papewaio,
Xtravagant,
Alphabetical,
DosenKlaus,
Hsover,
Shasrisy,
BenfromIA,
Javioh,
EazyPadre,
f1sh33,
taeguns,
JesusBlessUs,
_1rarukroller_,
cagriyapar,
NEODC,
PeaceBeToYou,
Sasha620,
VerrNum,
Amycoxx,
Hurezz,
Frantic_Cajun,
Invenz1999,
curseddance3,
DalvMosl,
moffo47,
thanakit1524,
Andru13O9,
MotSuQuyetDoan,
Jøtul,
Micha2k6,
TheFallenGoD,
TonieMontana,
RotFux_,
Lucky_Luck,
PaImer,
Cor1232,
Polly200,
zimix111,
bambammmmmm,
garrettomega,
debliksem,
crusus1984,
jasatit5,
amdavies,
N7ame_2639,
Dudasso,
Croustibit,
Xedioz,
JABone1,
Bechs,
TonieMontana,
Lachsmaster,
Pepecle,
oaltı,
NQR_Evel,
The_Beast_GER,
Macko17,
Yolantis,
gk108,
Wanheda_Kom_Azgeda,
Drebniq,
Feolex,
dOntFa11,
svnsn,
Speelbeer,
FartCop,
JarlKennyy,
ogchris,
OiBIN62551,
mikkusya,
z3ll0r,
Vende77a,
Turan_900,
magiCz3r0,
zypaan,
thyberian,
SFDX,
b0rscHt3l,
Shaemulus,
Hardcore3000,
4uhun,
Shubear,
OfficierKraby,
온리_유,
Pblt,
ReigningWolf,
chacklunvoodoo,
Krogoth79,
ZBT_Sativa,
beerlovezz,
Nameless2207,
kutyafka,
es900409,
endless_flames,
GenosseStalin1,
TruePain,
fluffybunnygang,
Ryousuki,
whiteafrican420,
Zeronya,
Carnillon,
Grantlen,
LeatherTie,
Dolivar,
GreenTerror27,
BanjooReds,
탁화검,
Hyggor_,
supernator,
jekepwnz,
AA킬러,
ghrenadier,
swordsguy479,
Transmeteora,
k_1_rka,
xDammy,
gwrgwir,
Xpystok,
norbi33,
piterns,
kisssad6,
xXrbXx,
Kiwi1281,
Alexsis007,
Dolarekk,
VsegdaOdinCHR,
Tujza,
DchoonSINAaaa,
fataleast,
Krionas,
orohinnn,
maklaudainas,
marcheciel,
marcheciel,
marcheciel,
kavaraxis,
robbedibobbedi,
KantLachs,
MmhAtze,
Thunderclap448,
756954,
ThePuppet,
Deslvia,
AvastAntipony,
Tsungeren,
Wajtor,
kinghtt,
JezuUfamDlaCiebie,
fong249,
Arrathilar,
Fenelon,
Simsalabim1206,
mAdmAx1089,
dealeure22,
Baziliskz,
vinrost,
hopthuxacnhan,
SISKONSHIK,
Segui10,
talstei,
Expurgo,
JaeJae_,
marcheciel,
milton1996,
GentlemanFLIE,
bellen,
elviz11,
SuperVizier,
Lilavati,
bartek9321,
DiFlexo,
Austips,
GotenAND1,
aljaman,
Boombashhh,
Latgalecss,
vansha,
Lanfear88,
bellen,
anone,
chaospard,
seven_sevenseven,
killover01,
Heartbone,
Yareb,
elCobrra,
xPistolero,
Gnar_Lee,
Nevah,
regelNNator,
DuppieZA,
reisehun,
Ichino,
Shidzukii,
Lumizen,
mayday78,
Eternal_Shard,
GuardianDev1l,
FarmaConte,
SaharajKung,
lbloodthirstyl,
Dipichipii,
Harly31,
Shurugaa,
lortilommen,
blech,
MPmini,
fQOXpUZqRo,
pitchez,
BALSAK123,
minidou78,
Vodka420,
Lexa123654,
Glubber,
Rico_Of_Doom,
voidiac,
voidiac,
sc0tt_park,
MaGxxGaM,
Reuzaki,
LiGRPRaiM,
hursitsamet,
xNIVRAM,
PIOS123,
남캐안함,
ka_stefanos,
Warrior_of_Sparta,
Quisalas,
nosajen,
jaebytomuebalo,
DerOdin,
CrimFaLL,
obsidian23,
Edzus,
XyrezPwn,
En1CeKa,
En1CeKa,
lluisete,
jogobelauu,
Schadowking2,
IcecoldLazco,
MonolitArag,
hier546kj,
Supervisor9297,
Therosian,
wt205774,
Sariel1111,
awree_,
ninlona,
xranket2211,
kisssad6,
kisssad6,
lozeng,
kulferag,
Thunderkiin,
CaptainBigBeans,
Weirdbug,
misenko,
통새우,
karu321,
Daitega,
excorc,
E_Daysleeper,
alakasiyok,
ManTek14,
Моторист,
Marhlder,
Nosohik,
Savylolx,
Torbital,
beshoy_,
xazey,
DownerD,
Bagzanu,
tyuu,
Pvnch,
killermasters,
Gorguutz,
deviololo,
Insomniask,
Skarlimka,
TJCid,
seevildancer,
LintfreeRag,
Toobeyy,
DistantBlueDot,
qcqc84255295,
allanstine,
Gruindem,
Dracers,
zerozharif,
Wbozon,
1091638979,
lydiiii,
ReseTwinneR,
AlicexPrime,
xMumeix,
cennythaking,
isaixh,
Th3Infid3ll,
TonieMontana,
Aadwark,
Cookie3e,
Mab1K,
av30956,
v1docq47,
dead3ima,
Greegg3,
6artur6knapov6,
AvastAntipony,
zakmeballen,
Эзекиль,
teakwando2,
vf0606,
Absenthe26,
MarBlud,
ImLeo98,
sYGGA1BER,
BerserkSkizofrenick2077,
Matchstickct,
Edwardno1,
Harump3r,
Frostcrud,
P3STctrl,
Themiki1062,
AestheticDK,
CyhozKT,
Doomh4mm3r,
NeroCenobite,
Klodet,
Jzweet,
Naomi_Woods,
svankii,
Nekotale,
babochkivmoeigolove,
xxlSimpsonlxx,
Weronius,
COLONG,
Darknoller,
VAD_e,
MarkeloNNN,
jealouschrist,
Lekem,
Adventage4,
CaptainBlackDagger,
rax2705,
f1sh33,
Haroon_y,
jails90,
Samsalot,
P1nkPig,
dawidaq,
Butseal,
fedeli4,
Whusper,
anearob,
migmig765,
Cadeu,
f1sh33,
f1sh33,
Yashca,
Slaimm,
LivndEAd,
DanteRayne,
lukamon22,
heemannn,
WhouuNex,
Белзайка,
dr_smertb,
Gimpackte,
MaxNvk,
killermasters,
jankoch171,
ceyar,
Adorablus,
M4ELSTR0M,
M4ELSTR0M,
TheSanya,
InvicS,
Despatorr,
acool84,
Sautena,
xrNgx,
Elizabet_Crown,
AlterFinity,
Azrador,
Zysix1989,
4epduck,
jaiman05,
Superdippy,
GoodieDK,
rasmusmp12,
Autrux_x3,
zamabu,
KekarPekar,
Mazer85,
Arbo101,
kisssad6,
kisssad6,
MrStandart,
Yami858,
AlexDeejay,
Potatotoostronk,
wFaLLeNw,
Lord_Vicsten,
4epduck,
jogobelauu,
Pukanbombom,
kitting555,
savvy31,
RedNFiend,
Asekari,
Not_Sunset,
Rykoshet,
sveija,
efacsen277,
Hejdnblod,
yaNkeers,
getcuckbyme,
Klodet,
evian1997,
FrothyButtJuice,
poigratby,
Shamanswer2,
Ralph8cod,
Aququ,
vadim137x,
poemrdock,
Ramuthra,
NearMe27,
DrKhait,
ValeraPro,
Fenelon,
HorizonSharp,
xFaMaZz,
MrSkyLight,
Poulak08,
Peketeus,
sega186rus,
FLZ,
FLZ,
Tomko121,
drunkonjungle,
Haffky1990,
coffeelord,
antikoinwnikos,
lovesdapoontang,
Dattinger,
Pr00xxy,
suishido_,
decaforgw2,
HarryBum,
Motogrizlo,
Manny_boi,
PODIROSOCHEFIN,
Marauder94,
Sparta3790,
SuperJelle,
Duality555,
Mirrorless,
Angaeler,
ane4ka2586,
gadzooks2000,
래프윙,
Ktoskowaty99,
XpBlueBerry,
Nol1mitOs,
FaptobbIu123,
u3yMeHo,
71M073J,
ReUnification,
M0rtifer,
nuke121,
Heilstormm,
Vietcongg,
Qvizteren,
pawelos13,
Crytilldie,
7kobra86,
Raotiz,
Lè_nyx,
nilsson787,
jpablomgil,
koburen,
kisssad6,
Fauxcus,
crillings,
JKN18,
Nillye,
Matchstickct,
Loubomir,
Dostrah,
alakasiyok,
Dkspray,
kabzol1,
Oikumena,
Koljik,
BloodPainter669,
brennwertx4,
neboicja,
BenimaruuShinmon,
xSparkkyx,
Jazgur,
Alexandr011,
kisssad6,
Darksider100110,
NEODC,
rezoun,
vii_poe,
Megaf0rce,
Vaegar84,
Micke9111,
Fifit,
Spider2207,
Najle,
et3rnalr4ge,
JackMaD_DOC,
Brawnzy,
mefdajczako,
Immeinen,
lopkoTheGod,
BashNFlash,
ZannixFTW,
EisregenAsgard,
TenderSugar,
Barmaley_1408,
Zmy,
ikki1993,
Brenthaven,
Fyol,
shade1515,
Radziouuu,
xzwjm10100,
GladiatorJoker,
snowyj789,
_OmniSlash_,
Sintaxi,
dla235711222,
Deathax,
stalowaklata,
mortenaa,
CaptainBlackDagger,
Legionz,
ZoUeR,
qcqc84255295,
astropinkboi,
atwa2002nl,
trullytrue,
rattlerovsky,
Lamerokss,
Desynceed,
GutekWalker,
nilsson787,
TonyMoldvana,
4funoff,
Nevarden,
RystyLyönti,
En1CeKa,
nahimo,
worldslayerz21,
kroplica,
Voltreffer,
Carnillon,
dodo24262,
pusbeeeee,
crixu9,
mac3r,
spanner3003,
187dt187,
DouglasDDias2,
Suplex25,
Fuserox,
WoIo,
Chaosweiser,
darkpsp,
zerozharif,
XxDreamyxX,
XxDreamyxX,
GEO23,
brsheepy,
stategamer,
nothing0320,
Nikka120,
Lordvairog,
HaaxxPL,
Beagun666,
Hi_1m_R0bert,
oceanlord1998,
Kamisama666,
laphroaig9,
_Crz_,
Sheeddii,
pedropabloxd,
Razor3055,
dbath,
Wolfslaw,
Bartzi,
CFxD,
HoundOpus,
Greegg3,
torcher15,
NemsIX,
Needrandom,
Barmaley_1408,
sasskai,
Algor1987,
mancusoluca,
ceyceytr,
ollan333,
Segimente,
Gryfenfer016,
4chPower,
manggo2,
DERZAGOI,
iShadowdoll,
Jailbr3aker,
Seraphicate,
harek_,
MaciekFnatic,
MariKatsu,
MariKatsu,
MariKatsu,
MariKatsu,
BanterinPanda,
KancaratheFallen,
Ratonga,
sasha132100,
0trickster,
V4LK1,
OrionMY_,
Steksson,
Noorten,
f0relovsky,
MERCYMA,
SerafimRU,
RedRudi,
wenxm611,
CrownlessBlue,
StygianRayquaza,
Natanooj,
Ash5125,
Ricoffie,
xXNightsageXx,
Corsarez,
freakyvirre,
Jazgur,
kisssad6,
koles902,
gtphreak,
ovvster89,
Todzuerst,
derivagral,
Reismen,
Babylon_db,
Selomon,
IvIEJIKUj,
thestonepvp,
omegalulz,
ichark,
stanley850212,
DuDuCiaBR,
shnurr214,
Requa,
azboulette,
Jaznn,
RzeznikZblaviken,
seppal09,
saulonery,
Peirapoggg,
TheAshura,
lwlaw,
frenchstaalin,
toroc22,
frankenik,
roolha,
RayOfShade,
huricane2000,
Spaun2016,
Xyrian1988,
KromeczkAAA,
sdodd723,
TheAfghaner,
jaqal,
Dropchan,
bagewara,
fmedeirosbr,
Amidpyr,
ArasysSysara,
Tommy930324,
CaptainVienna,
Soulhunter232,
JackalThe,
Hi_1m_R0bert,
Rabidshroom,
emeraldtearzzz,
Fenrix123,
Janeira10,
Beerkulez,
Kfrost2131,
Wiadron,
SerafimRU,
SnoBLOOD,
SnoBLOOD,
sanyok50000,
meg1x,
Darksider100110,
AlmightyC7,
grandmaster633,
Dregonos,
vitalinno88,
SidBarett,
Shamanswer2,
Shamanswer2,
Lexd3r,
GenDoom,
MajorCalabresa,
CPAM90,
BigBoiKyle,
Finrod2708,
Finrod2708,
Finrod2708,
Ningishzida,
13artosh,
jagt_dk,
tvinkRU,
grunzli,
ForceBubble,
baghdisar,
IleeX,
BillyTheBob,
Mikle,
Onzeo,
hursitsamet,
salfaihani,
EGORbIch,
GrIF_102,
Alexand00,
SirSmith86,
sebnn,
GatsbyJUN,
skylenss,
Insom89,
Vedsanguis,
Padawins,
blazedance,
newooo,
bozolife,
Lubek_,
newera_arc,
chalkos,
fugggz,
Animedebil1997,
bljadz,
Qnilingus,
kljimby,
Letalas,
Lololo974,
Cenarious,
MrMonderror,
Teryss,
Диман_1,
Miku_OuO,
idefex,
Atema93,
AokeTN,
Exzhiba,
Manuelka,
Muntao,
RFHL,
cherrylolXD,
Elektrikchi,
Quolaz,
Imsett,
SpecialGoat,
Lupo7,
bugagagawenki,
Pyrotika,
UnusedWraith,
mavlan01,
MareCarina,
Silienzia,
Ziopa,
Greegg3,
koroon,
Alkkk,
eVoiD,
Shadow_coky,
Shadow_coky,
stanley850212,
Zuzanne,
Ustariz,
Aminoasit,
JeNebu,
Ðoo,
MihaOCTOPUS,
pupuwersa,
EfraxCz,
crcudaman123,
TarmRiddaren,
BootlegMOJO,
71M073J,
최파파,
DVCR,
Fenelon,
SLTirus,
HeroSige,
Lexd3r,
Assem07,
dola69,
kaliXL,
To_oR_oP,
dada0321,
Maklyablr1,
vomitoryequalsgod,
toroc22,
HoromiFox,
peckusg,
raznadva,
SlimSec,
NQ_lamagra,
denprosuper,
Relax75,
PetShell,
Qwr1t,
Claymore1991,
Leon_,
Drearig,
Hoenyr,
Hoenyr,
Makslaif,
Onzah,
oceanlord1998,
ShoulderPads,
SirMatts,
grunzli,
gazan1,
Yuiie,
Afendedy,
nickaflug69,
mongodritt,
Pip_Boy_3000,
DeusReiByll,
ka_stefanos,
DeadAvalon,
OrionMY_,
hserFibaF,
nomisxd,
lykpower,
nemarnaerok,
Rusik9996,
Nyumin,
Lurikên,
goaga1,
dbath,
quadhunter,
GentlemanFLIE,
image23,
HsQEternalDream,
Currzking,
Currzking,
Currzking,
dibdabdub,
fluffycookie,
C0R1X,
Vejardo,
xKilluaxx,
BobThundersSolutions,
Darkerrater1,
Kedevera,
VovaTomagavk,
Ameliea,
iiMAXiix,
PoppyMan,
JSmithyP,
Megaf0rce,
Steksson,
Outward,
warrcracker,
glinkoffandrey,
Onirek,
stasik1982,
HentiCreampi,
lakkyUA,
kaynna,
merseri,
MladejLeopard,
xbubbey,
qwertzsimbah,
gdmsob,
pretzy,
Trenbolon,
QiReX99,
warcab17,
Odelito123,
duruckai,
coolzero76,
Dtry,
kowka2005,
naginator1337,
Angelzeit,
Atomic_Candyman,
Atomic_Candyman,
KaptMurica,
XYRK,
XYRK,
philippzick,
PARADISE1994,
m1tisT,
Narut0k,
Leaged,
Megalopalarve,
rate1337,
Silver2911,
Nijela,
Monko87,
nostrodamus10,
procurer97,
anejpalcic,
jimi2dragoon,
LuckwoodSan,
GJTKTK,
Josy_OE,
Munchx,
PeepoCringe,
dolalado,
datru3,
Kylich,
jasper_storm,
Odelito123,
patzar,
ProToss32,
Segui10,
ashrie,
mmx0412,
9I_MAPKOBKA,
IerogliFs,
_BEYOND_GODLIKE_,
Rodmonavich,
nk00326448,
미스터램프,
molotovjr,
jaarkhan,
regelNNator,
Tanjiro187,
Netricc,
Krywianka,
Claymore1991,
xSunSetx,
Arikutakirin,
gbj8815,
lDungeonMaster,
Etill,
Kensei1369,
LuckwoodSan,
SplinteredSun,
xoma22819,
lkenpachi,
Xepro,
tnyewnt38gfwmke,
k4til2k,
rAcoonA2812,
Neveeer,
Sharam_gh,
Vherdan,
Risening,
ironnr1,
Jadimix,
Jadimix,
Shanitay,
pOx_ua,
tonfa,
Niipazzo,
wijis17,
Bluehex92,
metalrammstein,
Kylich,
arken_ua,
demLags,
RumbleLi0n,
Zertoc,
juanit071,
sema023,
MihaOCTOPUS,
freemandoom,
Astralon,
Chocoroth,
FhriskyWhisky,
Vyld,
DrLagoom,
macroza,
Maerymdra,
rhyxx00,
AlphaEend,
Fe3derZ,
Rensuto,
DOSETHESLOTH,
펭귄마을의비밀,
R3dShad0w,
k4rtoon,
japjap2017,
pmlol215,
Michael7333,
Abrakadaver54321,
Abrakadaver54321,
Ducktamer,
nikeshsaiyas,
Naykarien,
BigBoiKyle,
WanRaik,
mindseth,
Rodgeres,
tristamm,
TrueChaoSxTcS,
otstanOstin,
Wazonix,
Swedney,
Applereroni,
SirSmith86,
WhiteDrugs,
ItsEraze,
Rellikor,
Hepatitis,
Salish_,
Ravemore,
Dataproffs,
Pitchback,
Novakun,
Artur30,
revive,
Fe3derZ,
lolsbslol,
AMyllyA,
JeansJoe,
JeansJoe,
YukiroYui,
xBashyou,
Riftseaker,
Threemm,
Muahaha1104,
Hoffen,
antrix99,
frolopidze,
Alando,
1nSenSITIvE,
Cewwoo,
Mahuni,
_NeroMaster_,
Gwak_fr_Macsime,
Mr_Pipp,
Khashi,
maroder74,
Suraponlu55,
JimBayLine,
DARKYLLEUR,
VanDamTom,
DiviZ12,
Jedna,
Jedna,
LimeLordGaming,
salatlapa6,
CNote88,
kolyan52,
mrfb_1,
Radeks93,
Alencez,
xTheEnigma,
TheSmellOfNapalm,
Aceuptonogood,
natural1738,
jrmalheiros,
Salvi123,
pelipay,
Motoyo,
Glitchupawall,
NorxeZ,
Haithamx,
wl02917814,
ThatdeathFire,
XeNoNChick,
Bezzz_Problem,
Kootenaibrown,
idimka,
kussiii,
CutteRashu,
savlord,
ghrenadier,
이터널시티,
Seanc1000,
Im_Brownie,
Sebolx,
akumaqqe5,
u3yMeHo,
DeeZo55,
ItsAkio,
Zhaostrike,
Hogbacks,
Shamanswer2,
willy1029,
EyelessJim,
Essteran,
morganbritches,
Gobrica,
CtosDK,
Chemistosan,
goofaille83,
elmo3222266,
MinusDeset,
CEFO,
TaigaDaiga,
Ricci9,
bobocin,
John_Traher,
th3cYcLo,
Str0ng,
SidBarett,
T1ma12,
suphanut0,
furiosomelodia,
goofaille83,
Deadlyhollow,
Authíel,
jazzchou,
DiviusJulius,
Seiferv3,
NovoRan,
dawkinit,
Rest1166,
Uzeriul,
Zoltakz,
Boreed,
Rykulu,
kalba_degeneracna,
GizGiz,
pierretienne69,
hakketerror,
Cenny18,
DSLiao,
Ynaii,
PunisherUkraine,
daelszs,
doter8881,
Krytikaus,
ReportMePlease,
RhuarkTJC,
NicNacPaddyWhack,
Abomination619,
sk4nk,
cospero,
BadAss34,
kowka2005,
Acyclical2452,
sabanzu,
Koboldkampf,
Rosqo,
Amadaus47,
Goldhamster,
Austinl08,
SlimSlider7,
mamane,
P1ay1akeme,
dariucs,
xsmokx,
Kamilhhh,
Wunderwoof2,
LevPOERUS,
paxit1k,
forteea,
XammaX,
MladejLeopard,
BuLaBoi,
FinYuna,
LEGEND0990,
Sp1onQc,
taran101,
GinkodeGintama,
toniburguillo,
toniburguillo,
aleksander20145,
svake,
iDeath025,
HellKat,
Gorik1,
Mephobic,
xonixphere,
RaReeRo,
Lucky_Luck,
ForgedAssassin,
Veri7as,
Spr3e,
MrHomme_,
fordprobe8177,
fapcentral,
Lampx,
Tyrrant,
gtonmashow,
Austinl08,
Toyrum,
rockkoemyeu,
Muskatnuss2500,
guldaban,
Gringo799,
RoKode,
RoKode,
wlunlimited,
ZeManteigas,
randmtsk,
obsidian23,
Asylath,
binsjee,
Agraziom,
terby,
HIZIKL,
fontza1,
bestmfwithOE,
CrotalusGaming,
Mirbos,
jekkel2,
zemtsov2000,
Spavee,
raventhekod,
cova1987,
Betanker,
Icefirealchemy,
deebo32,
Maklyablr1,
Andreas1707,
LegendarySix,
B_RadZA,
sLiiiDE,
Hjalm,
diemek,
0nlyC0SmA,
ZoiYogurt,
0x184,
mrharput,
wonderboyxXx,
Wolfrarr,
Shari2421,
Apathy278,
unoi007,
TYIIA_6blK,
mugen3000,
dowiraque,
darqdemon222,
xXNightsageXx,
Murlixin,
LordGraton,
PathOfMemeDom,
morinr,
zirakul,
Fenix0II,
Shipshaped,
HeathDH,
deady101,
Infinal,
Weirdbug,
Traaidy12,
Kalitaris,
Khinox7,
RSnaz,
Autlaws,
Kabattor,
Khomamurah,
anton18_07,
Cyfro,
jackienakie,
Tsompanos,
최파파,
obsidian23,
Flôyd,
arapera,
Barbarianos,
Hoenyr,
sinedreverse,
EvilTits,
Togowicked,
TheMoonRun,
tobaisWing,
flamek89,
yTkaVibe,
superistas,
Kyosmic,
XXakira55XX,
mntdrx,
Cyryana,
BodyaHOPE,
TheCannape,
DaanSensei,
Brum0190,
arz228,
PerAsperaAdRectum,
Netreck,
Hjalm,
chaoslord69,
Banaan_,
SaddestMonkey,
S1innabar,
Grety,
meraon,
